regione,pAI,pIH,pHC,pCD,rsa,rai,rih,rir,rhr,rhc,rcd,r0_max,r0_min,k,startLockdown
P.A. Trento,0.59,0.99,0.1589022563024638,1.0,1.169,0.735,0.051,0.026,0.156414285710087,0.2468054866603444,0.029752586507567298,4.9,0.3,0.168,31.673
