regione,rsa,rai,rih,rir,rhr,rhc,rcd,r0_max,r0_min,k,startLockdown
P.A. Trento,2.0,1.9895768600335795,0.17580305426142143,0.014652837412048373,0.15667267984533748,0.11591070459967602,2.0,5.0,0.3,0.17403333852486783,30.148732287702096
